TEXT,WEIGHT
CALLABLE 01/01/2036 @100.0,177
NONCALLABLE,155
CALLABLE 07/01/2036 @100.0,133
CALLABLE 08/01/2036 @100.0,118
CALLABLE 04/01/2036 @100.0,99
CALLABLE 06/01/2036 @100.0,78
CALLABLE 05/15/2036 @100.0,76
CALLABLE 05/01/2036 @100.0,67
CALLABLE 10/01/2036 @100.0,58
CALLABLE 10/01/2034 @100.0,52
"CALLABLE 11/01/2036 @100.0, MAKE-WHOLE CALL: BONDS MATURING ON OR PRIOR TO 11/01/2036 AT THE GREATER OF: (1) ONE HUNDRED PERCENT (100%) OF THE AMORTIZED VALUE OR (2) THE GREATER OF THE (A) APPLICABLE TAX-EXEMPT BOND RATE MINUS 10 BASIS POINTS OR (B) ZERO BASIS POINTS. PLEASE REFER TO THE POC FOR MORE DETAILED INFORMATION. THE BONDS ARE BEING ISSUED AS MULTI-MODAL BONDS IN THE FIXED RATE MODE. THE AUTHORITY MAY CAUSE A MANDATORY TENDER ON ANY OPTIONAL REDEMPTION DATE. THE BONDS WILL REMAIN IN THE FIXED RATE MODE AT LEAST UNTIL THE OPTIONAL REDEMPTION OR MANDATORY TENDER DATE.",52
CALLABLE 12/01/2035 @100.0,46
CALLABLE 09/01/2036 @100.0,45
CALLABLE 11/15/2036 @100.0,41
"CALLABLE 06/01/2036 @100.0, SUBJECT TO OPTIONAL AND MAKE-WHOLE OPTIONAL REDEMPTION AS DESCRIBED ON PAGES 3-4 OF THE PRELIMINARY OFFICIAL STATEMENT.",38
CALLABLE 01/01/2034 @100.0,36
CALLABLE 10/01/2035 @100.0,34
"CALLABLE 03/15/2036 @100.0, BONDS MATURING ON OR BEFORE 03/15/36 ARE SUBJECT TO MAKE-WHOLE CALL AT THE GREATER OF: (1) ONE HUNDRED PERCENT (100%) OF THE AMORTIZED VALUE OR (2) THE GREATER OF THE (A) APPLICABLE TAX-EXEMPT BOND RATE MINUS 10 BASIS POINTS OR (B) ZERO BASIS POINTS. PLEASE REFER TO PAGES 26-27 OF THE POS FOR MORE DETAILED INFORMATION.",31
"CALLABLE 05/15/2034 @100.0, SUBJECT TO SPECIAL, OPTIONAL, AND MANDATORY REDEMPTION AS DESCRIBED ON PART 1-9 TO 1-13 OF THE PRELIMINARY OFFICIAL STATEMENT.",31
CALLABLE 10/01/2033 @100.0,29
"CALLABLE 06/01/2036 @100.0, Other than the Optional Redemption and Mandatory Sinking Fund Redemption described on pages 6-8 of the POS, the Series 2026A Bonds are not otherwise subject to redemption.",28
"CALLABLE 06/01/2034 @100.0, The New Series Bonds are subject to special redemption as further described in the Preliminary Official Statement beginning on Page 14.",27
"CALLABLE 11/01/2032 @100.0, Special Redemption: The 2026 Series F Bonds are subject to special redemption prior to maturity as more fully described on pages 27-29 of the POS.",27
"CALLABLE 08/01/2036 @100.0, MAKE-WHOLE CALL: BONDS MATURING ON OR PRIOR TO 02/1/2036 AT THE GREATER OF: (1) ONE HUNDRED PERCENT (100%) OF THE AMORTIZED VALUE OR (2) THE GREATER OF THE (A) APPLICABLE TAX-EXEMPT BOND RATE MINUS 10 BASIS POINTS OR (B) ZERO BASIS POINTS. PLEASE REFER TO THE POS FOR MORE DETAILED INFORMATION. THE BONDS ARE BEING ISSUED AS MULTI-MODAL BONDS IN THE FIXED RATE MODE. THE CITY MAY CAUSE A MANDATORY TENDER ON ANY OPTIONAL REDEMPTION DATE. THE BONDS WILL REMAIN IN FIXED RATE MODE AT LEAST UNTIL THE OPTIONAL REDEMPTION OR MANDATORY TENDER DATE.",26
CALLABLE 08/15/2036 @100.0,25
CALLABLE 03/01/2036 @100.0,25
"CALLABLE 04/01/2034 @100.0, Subject to Special Redemption from Unexpended Proceeds, Failed Conversion, Loan Repayments and Prepayments and Excess Revenues, and Cross-Calls and Recycling, as detailed on pages I-4 through I-6.",24
"CALLABLE 04/01/2034 @100.0, The Series 88 Bonds are subject to special redemption, at the option of RIHousing, as further described on page 12 of the POS. The Series 88 Bonds are also subject to mandatory redemption to comply with the 10 Year Rule as further described on page 13 of the POS. The 2041 Premium Term Bond is not subject to redemption prior to the optional redemption date unless such redemption is required by the Code and all other tax-exempt Bonds have been redeemed.",24
"CALLABLE 05/01/2031 @100.0, Special Redemption: The 2026 Series B-1 Bonds are subject to special redemption prior to maturity as more fully described on page 17 of the POS.",24
"CALLABLE 11/01/2032 @100.0, Special Redemption: The 2026 Series D-1 Bonds are subject to special redemption prior to maturity as more fully described on pages 27-29 of the POS.",24
"CALLABLE 05/01/2033 @100.0, The 2026 Series E-1-A Bonds are also subject to Special Optional Redemption or Special Mandatory Tender at the Option of the Corporation, as further described on pages 15-16 of the POS.",23
CALLABLE 04/01/2031 @100.0,22
CALLABLE 08/01/2035 @100.0,22
"NONCALLABLE , Subject to Mandatory Redemption Prior to MBS Delivery Date, Upon Failure to Convert or Failure to Purchase the MBS by the MBS Delivery Date Deadline, on the MBS Delivery Date and Following Unscheduled Prepayment of the Mortgage Loan, as further described on pages 8-10 of the POS.",21
CALLABLE 03/01/2035 @100.0,19
"CALLABLE 02/15/2036 @100.0, Extraordinary Optional Redemption: The Series 2026A Bonds are subject to mandatory redemption as further described on pages 7-9 of the POS.",18
"CALLABLE 02/01/2036 @100.0, Make-whole call at any time prior to 02/01/2036 @ T + 10 bps for the bonds maturing 2/1/2028 through and including 2/1/2035; T + 15 for the bonds maturing 2/1/2036 through and including 2/1/2039; and T + 20 bps for the bonds maturing 2/1/2040 through and including 2/1/2043. EXCEPTION: 02/01/2046 and 02/01/2052 maturities are only subject to a make-whole call at any time @ T + 15 bps Please refer to the Preliminary Official Statement for further information on make-whole call redemption. The Bonds are being issued as multi-modal bonds in fixed rate mode.",18
"CALLABLE 10/01/2036 @100.0, PRIOR TO 10/1/36, THE BONDS MATURING FROM 10/1/30 THROUGH 10/1/36 ARE SUBJECT TO A MAKE-WHOLE CALL AT T + 10 BPS PRIOR TO 10/1/36, THE BONDS MATURITY FROM 10/1/37 THROUGH 10/1/45 ARE SUBJECT TO A MAKE-WHOLE CALL AT T 12.5 BPS",16
"NONCALLABLE , THE 2026 BONDS ARE SUBJECT TO SPECIAL REDEMPTION PRIOR TO MATURITY FROM UNEXPENDED PROCEEDS, PREPAYMENTS AND EXCESS REVENUES AS MORE FULLY DESCRIBED ON PAGES 8-12 OF THE PRELIMINARY OFFICIAL STATEMENT.",14
"During any 3-Month Term Interest Rate Period, the Bonds are not subject to optional redemption.",12
"CALLABLE 06/15/2036 @100.0, **NOTE MAKE WHOLE CALL MATURITIES IN 2037 & 2038** MAKE-WHOLE CALL: Bonds maturing on or prior to June 15, 2037* and the 2038 MWC maturity are subject to a make whole call at MMD. Please refer to the POS for more detailed information.",12
CALLABLE 01/01/2041 @100.0,11
"CALLABLE 08/01/2036 @100.0, MAKE-WHOLE CALL: BONDS MATURING ON OR PRIOR TO 08/01/2036 AT THE GREATER OF: (1) ONE HUNDRED PERCENT (100%) OF THE AMORTIZED VALUE OR (2) THE GREATER OF THE (A) APPLICABLE TAX-EXEMPT BOND RATE MINUS 10 BASIS POINTS OR (B) ZERO BASIS POINTS. PLEASE REFER TO THE POS FOR MORE DETAILED INFORMATION. THE BONDS ARE BEING ISSUED AS MULTI-MODAL BONDS IN THE FIXED RATE MODE. THE CITY MAY CAUSE A MANDATORY TENDER ON ANY OPTIONAL REDEMPTION DATE. THE BONDS WILL REMAIN IN FIXED RATE MODE AT LEAST UNTIL THE OPTIONAL REDEMPTION OR MANDATORY TENDER DATE.",9
"CALLABLE 11/01/2033 @100.0, Special Redemption: Subject to Special Redemption with Unexpended Proceeds and Prepayments, Excess Revenues and Debt Service Reserve Fund Reductions, as more fully described in the Preliminary Official Statement, pages I-8 - I-11.",9
"EXCLUDING ANY EXTRAORDINARY EVENTS, THE BONDS WILL NOT BE SUBJECT TO OPTIONAL REDEMPTION WHILE IN THE TERM INTEREST RATE PERIOD OF THREE MONTHS UNTIL THE NEXT CONVERSION DATE.",8
CALLABLE 03/15/2032 @100.0,7
"The Series 88 Bonds are subject to special redemption, at the option of RIHousing, as further described on page 12 of the POS. The Series 88 Bonds are also subject to mandatory redemption to comply with the 10 Year Rule as further described on page 13 of the POS.",6
"MAKEWHOLECALL , BONDS ARE SUBJECT TO MWC @ T + 40 BPS",6
"Bonds in a Term Rate Mode are subject to redemption, in whole or in part, on their individual Mandatory Purchase Dates, at the option of Trinity Health, at a Redemption Price without premium.",4
"CALLABLE 05/01/2028 @100.0, Special Redemption: The 2026 Series B-2 Bonds are subject to special redemption or Special Mandatory Tender as more fully described on page 22 of the POS.",4
MAKE-WHOLE CALL: AT THE GREATER OF: (1) ONE HUNDRED PERCENT (100%) OF THE AMORTIZED VALUE OR (2) THE GREATER OF THE (A) APPLICABLE TAX-EXEMPT BOND RATE MINUS 10 BASIS POINTS OR (B) ZERO BASIS POINTS. PLEASE REFER TO THE PRELIMINARY REOFFERING CIRCULAR FOR MORE DETAILED INFORMATION. THE BONDS ARE BEING ISSUED AS MULTI-MODAL BONDS IN THE FIXED RATE MODE.,4
"MAKEWHOLECALL , SUBJECT TO MAKE-WHOLE CALL AT T + 5 BPS.",4
MAKEWHOLECALL,4
On any Business Day beginning 90 days prior to the Purchase Date at 100% of the principal amount being redeemed (for a Term Interest Rate Period between 1 to 10 years),4
Callable on 9/1/2036 at 100% of Accreted Value,4
"NONCALLABLE , See POS for loan yield maintenance information. No additional issuer optional call.",3
See POS for loan yield maintenance information. No additional issuer optional call.,3
"CALLABLE 05/01/2033 @100.0, The 2026 Series E-1-B Bonds are also subject to Special Optional Redemption or Special Mandatory Tender at the Option of the Corporation, as further described on pages 15-16 of the POS.",3
The New Series Bonds are subject to special redemption as further described in the Preliminary Official Statement beginning on Page 14.,3
Special Redemption: The 2026 Series D-2 Bonds are subject to special redemption or special mandatory tender as more fully described on pages 34-35 of the POS.,3
CALLABLE 06/01/2035 @100.0,3
CALLABLE 06/15/2033 @101.0,3
08/15/2033 Put Optional call in 02/15/2033 @ 100.00 Extraordinary Optional Redemption: The Series 2026B Bonds are subject to mandatory redemption as further described on pages 13-16 of the POS.,2
"CALLABLE 02/01/2030 @100.0, Subject to Special and Optional Redemption as described on pages 14-17 of the POS. The payment of the Purchase Price of each of the 2026 Series B/C Bonds subject to mandatory tender for purchase on the Initial Reset Date will be secured solely by a direct pay obligation of Fannie Mae under the applicable Fannie Mae Credit Enhancement Instrument. Please see pages 13-14 of the POS for more information.",2
"CALLABLE 03/01/2035 @100.0, Please see the section entitled ""Distributions"" beginning on page 7 the Preliminary Official Statement for a description of the application of Principal and Interest received on the Portfolio Assets.",2
"MAKEWHOLECALL , Make-Whole Redemption: UST +5 bps Please refer to the POS for further information on the Make-Whole call redemption.",2
"CALLABLE 02/01/2036 @100.0, Make-whole call at any time prior to 02/01/2036 @ T + 15 bps. Please refer to the Preliminary Official Statement for further information on make-whole call redemption. The Bonds are being issued as multi-modal bonds in fixed rate mode.",2
"CALLABLE 04/01/2035 @100.0, Please see the section entitled ""Distributions"" beginning on page 8 the Preliminary Official Statement for a description of the application of Principal and Interest received on the Portfolio Assets.",2
Non-Callable during the Term Interest Rate Period.,2
On any Business Day beginning 90 days prior to a Mandatory Tender Date.,2
On any Business Day beginning 90 days prior to the Purchase Date at 100% of the principal amount being redeemed (for a Term Interest Period between 1 to 10 years),2
08/15/2036 Put Optional call in 02/15/2036 @ 100.00 Extraordinary Optional Redemption: The Series 2026B Bonds are subject to mandatory redemption as further described on pages 13-16 of the POS.,1
"CALLABLE 01/01/2031 @100.0, RATE UPON FAILURE TO PAY PURCHASE PRICE ON PURCHASE DATE: 0 - 90 DAYS: 6.00% 91 DAYS AND THEREAFTER: 8.00%",1
"NONCALLABLE , Subject to special redemption from Unexpended Proceeds, Loan Repayments and Prepayments and Excess Revenues, and Cross-Calls and Recycling, as detailed on pages I-4 through I-6.",1
"Optional Redemption: Subject to redemption from Eligible Funds at any time on or after 01/01/2029 at par. At all times, the Bonds will be secured by Eligible Investments and Eligible Funds sufficient to pay all of the interest when due and principal of the Bonds at maturity or redemption. See Appendix B, B-3 - B-4 for definition of Eligible Investments and Eligible Funds.",1
"CALLABLE 04/01/2033 @100.0, IF THE TENDER PRICE OF ALL OUTSTANDING BONDS CANNOT BE PAID ON THE MANDATORY TENDER DATE, THE BONDS WILL BEAR INTEREST AT A ""STEPPED RATE. FOR ANY SUCH ""FAILED TENDER DATE,"" THE ""STEPPED RATE"" SHALL EQUAL THE FOLLOWING: 0-89 DAYS = SIFMA + 2.50% 90 DAYS AND THEREAFTER = 7.00% THE ""STEPPED RATE"" SHALL NOT EXCEED 7.00%.",1
"CALLABLE 07/01/2031 @100.0, SOFT PUT, MAX RATE 9%",1
On any Business Day beginning 90 days prior to the Mandatory Tender Date at 100% for a Term Interest Rate Period of 7 years; make-whole call prior at MMD,1
On any Business Day beginning 180 days prior to the Mandatory Tender Date at 100% for a Term Interest Rate Period of 10 years; make-whole call prior at MMD,1
"CALLABLE 05/15/2027 @100.0, ** 2026 SERIES B-2 FIXED RATE SOFT PUT BOND HAS 8% MAXIMUM RATE** SUBJECT TO SPECIAL, OPTIONAL, AND MANDATORY REDEMPTION AS DESCRIBED ON PART 1-9 TO 1-13 OF THE PRELIMINARY OFFICIAL STATEMENT. THE 2026 SUBSERIES B-2 BONDS ARE SUBJECT TO MANDATORY TENDER AS FURTHER DESCRIBED ON PART 1-13 TO 1-14 OF THE PRELIMINARY OFFICIAL STATEMENT.",1
"CALLABLE 06/01/2029 @100.0, The 2026 Series E-2 Bonds are also subject to Special Optional Redemption or Special Mandatory Tender at the Option of the Corporation, as further described on pages 20-21 of the POS.",1
"Excluding Extraordinary Events, the Bonds will not be subject to Optional Redemption while in the Term Interest Rate Period. CUSIP: 708692BL1 DENOM: MIN 100K, MULT 5K DAY COUNT: ACT/ACT",1
"Excluding Extraordinary Events, the Bonds will not be subject to Optional Redemption while in the Term Interest Rate Period. CUSIP: 708692BM9 DENOM: MIN 100K, MULT 5K DAY COUNT: ACT/ACT",1
"CALLABLE 01/01/2031 @100.0, PRIOR TO 1/1/2031, SUBJECT TO MAKE-WHOLE CALL AT T + 5 BPS.",1
CALLABLE 09/01/2030 @100.0,1
"The Series 2026B Bonds are subject to redemption prior to the maturity date, at the option of the Borrower, out of amounts prepaid on the applicable Obligation, on any Business Day, in whole or in part in such amounts as are designated by the Borrower at a Redemption Price equal to the principal amount of the Bonds of the applicable Series called for redemption, plus interest accrued thereon, if any, to the date fixed for redemption, without premium.",1
"The Series 2026C Bonds are subject to redemption prior to the maturity date, at the option of the Borrower, out of amounts prepaid on the applicable Obligation, on any Business Day, in whole or in part in such amounts as are designated by the Borrower at a Redemption Price equal to the principal amount of the Bonds of the applicable Series called for redemption, plus interest accrued thereon, if any, to the date fixed for redemption, without premium.",1
"The Class B Certificates may only be sold or transferred to ""Qualified Institutional Buyers"" (as defined in Rule 144A under the Securities Act). Please see ""The Initial Class B Purchaser"" section of the Preliminary Official Statement.",1
"CALLABLE 07/01/2036 @100.0, MANDATORY REDEMPTION (NON-ORIGINATION): The Subordinate 2026B Bonds are subject to mandatory redemption due to non-origination, as described on pages 13-15 of the POS. MANDATORY REDEMPTION (EXCESS REVENUES): The Subordinate 2026B Bonds due 2056 are subject to mandatory redemption from excess revenues, as described on page 15 of the POS. OPTIONAL REDEMPTION (EXCESS REVENUES): The Subordinate 2026B Bonds due in 2056 are subject to optional redemption from excess revenues, as described on pages 15-16 of the POS.",1
"MAKEWHOLECALL , Make-whole call at any time at T+ 7.5 basis points. Please refer to the POC for further information on the make-whole call redemption. The Bonds are being issued as multi-modal bonds in the fixed rate mode.",1
Non-Callable during the Term Interest Rate Period,1
"CALLABLE 05/01/2029 @100.0, Subject to Special Redemption or Special Mandatory Tender at the Option of the Agency from Unexpended 2026 Series C-2 Bond Proceeds, as detailed on page 19 of the POS. Amounts on deposit in the 2026 Series C Escrow Fund will be invested and reinvested in Investment Obligations and pledged to the holders of the 2026 Bonds for the payment of principal or Redemption Price on the 2026 Bonds when due, whether at maturity or upon redemption or acceleration. See POS page 12, A-5.",1
CALLABLE 06/01/2032 @100.0,1
CALLABLE 07/01/2031 @100.0,1
"EARLIEST TENDER DATE: 8/20/2026 Subject to mandatory tender, mandatory redemption, or optional redemption as described on pages 3-4 of the Preliminary Official Statement.",1
"CALLABLE 11/01/2029 @100.0, Special Redemption: The 2026 Series E Bonds are subject to special redemption or special mandatory tender as more fully described on pages 34-35 of the POS.",1
"Excluding any extraordinary events, the Bonds will not be subject to optional redemption while in the Term Interest Rate Period until the next Mandatory Tender Date.",1
